kai,year,month,day,hon1,hon2,hon3,hon4,hon5,hon6,bonus
1,2000,10,5,02,08,10,13,27,30,39
2,2000,10,12,01,09,16,20,21,43,05
3,2000,10,19,01,05,15,31,36,38,13
4,2000,10,26,16,18,26,27,34,40,13
5,2000,11,2,09,15,21,23,27,28,43
6,2000,11,9,06,12,23,25,28,38,22
7,2000,11,16,07,19,21,23,33,35,26
8,2000,11,23,11,16,18,20,42,43,28
9,2000,11,30,11,19,23,38,39,42,15
10,2000,12,7,01,03,19,21,35,39,26
11,2000,12,14,12,26,32,37,40,42,16
12,2000,12,21,14,17,27,28,35,39,22
13,2000,12,28,13,29,31,37,41,42,17
14,2001,1,4,02,08,11,35,37,38,43
15,2001,1,11,04,06,11,20,21,28,36
16,2001,1,18,05,12,13,29,34,35,30
17,2001,1,25,14,20,25,34,35,36,11
18,2001,2,1,06,16,18,27,36,41,33
19,2001,2,8,04,08,12,30,33,43,14
20,2001,2,15,07,29,33,35,37,39,19
21,2001,2,22,05,07,13,19,38,41,42
22,2001,3,1,08,12,16,19,20,35,41
23,2001,3,8,07,10,28,32,33,40,13
24,2001,3,15,15,18,19,30,36,38,13
25,2001,3,22,11,32,34,37,40,43,08
26,2001,3,29,03,04,11,12,13,43,22
27,2001,4,5,04,08,20,30,33,38,10
28,2001,4,12,06,11,15,20,31,41,07
29,2001,4,19,08,12,20,35,37,40,33
30,2001,4,26,04,16,17,19,26,37,08
31,2001,5,3,07,18,22,25,28,43,04
32,2001,5,10,03,06,07,23,29,41,33
33,2001,5,17,08,17,22,25,29,41,13
34,2001,5,24,02,20,25,30,37,40,10
35,2001,5,31,03,05,13,30,32,41,28
36,2001,6,7,01,16,20,23,30,40,17
37,2001,6,14,03,05,09,17,21,41,26
38,2001,6,21,02,09,26,27,34,43,42
39,2001,6,28,10,18,22,25,39,42,17
40,2001,7,5,05,17,25,34,38,39,02
41,2001,7,12,18,21,27,33,36,38,23
42,2001,7,19,04,15,21,24,33,37,09
43,2001,7,26,01,02,03,15,24,26,27
44,2001,8,2,03,16,24,31,34,42,36
45,2001,8,9,07,09,28,32,36,38,08
46,2001,8,16,11,14,21,24,25,42,41
47,2001,8,23,03,11,14,25,27,31,22
48,2001,8,30,02,05,28,30,33,40,26
49,2001,9,6,02,13,21,31,32,41,35
50,2001,9,13,05,13,15,25,27,39,40
51,2001,9,20,07,15,24,37,38,41,34
52,2001,9,27,01,16,24,25,36,42,21
53,2001,10,4,02,15,23,37,40,43,25
54,2001,10,11,14,25,26,31,37,42,07
55,2001,10,18,11,12,13,14,37,39,28
56,2001,10,25,10,13,25,31,32,42,40
57,2001,11,1,02,14,22,27,35,42,34
58,2001,11,8,04,08,09,13,16,25,28
59,2001,11,15,09,15,17,30,32,41,31
60,2001,11,22,20,21,23,28,30,42,29
61,2001,11,29,04,08,22,25,27,28,06
62,2001,12,6,02,03,09,12,15,30,42
63,2001,12,13,11,16,20,28,34,40,22
64,2001,12,20,02,14,19,22,32,41,09
65,2001,12,27,02,10,22,23,31,43,28
66,2002,1,10,07,15,17,30,33,35,14
67,2002,1,17,01,04,06,11,18,25,03
68,2002,1,24,16,23,30,35,37,39,38
69,2002,1,31,01,09,31,35,40,41,14
70,2002,2,7,06,11,20,23,24,31,17
71,2002,2,14,01,10,11,13,19,20,03
72,2002,2,21,10,12,24,29,33,37,34
73,2002,2,28,01,06,15,19,27,36,25
74,2002,3,7,03,14,27,28,40,43,39
75,2002,3,14,02,04,09,19,23,31,18
76,2002,3,21,01,10,12,16,20,35,29
77,2002,3,28,05,10,15,28,37,38,13
78,2002,4,4,05,14,23,32,33,43,37
79,2002,4,11,20,22,27,32,36,43,23
80,2002,4,18,01,04,12,16,19,34,18
81,2002,4,25,01,11,15,23,26,27,41
82,2002,5,2,10,12,19,25,26,39,28
83,2002,5,9,01,16,21,28,35,37,30
84,2002,5,16,17,19,26,28,35,37,40
85,2002,5,23,05,13,18,22,23,32,28
86,2002,5,30,03,07,16,24,29,36,26
87,2002,6,6,03,08,12,36,39,41,10
88,2002,6,13,05,06,08,20,21,26,30
89,2002,6,20,03,13,23,30,35,43,21
90,2002,6,27,13,15,17,18,30,32,09
91,2002,7,4,13,15,17,26,41,43,06
92,2002,7,11,05,17,20,24,28,40,16
93,2002,7,18,10,23,33,36,37,41,28
94,2002,7,25,11,16,17,18,29,40,09
95,2002,8,1,02,03,12,15,25,27,33
96,2002,8,8,01,13,15,34,36,43,37
97,2002,8,15,04,10,17,34,35,42,43
98,2002,8,22,07,16,34,37,38,39,08
99,2002,8,29,05,09,12,28,29,39,27
100,2002,9,5,06,08,11,14,31,33,23
101,2002,9,12,21,27,29,30,36,40,23
102,2002,9,19,04,05,18,27,35,36,41
103,2002,9,26,01,16,17,27,29,34,39
104,2002,10,3,01,11,17,26,28,35,12
105,2002,10,10,01,09,14,22,25,34,18
106,2002,10,17,08,11,21,22,25,27,26
107,2002,10,24,04,05,11,12,28,32,37
108,2002,10,31,09,22,23,25,34,37,08
109,2002,11,7,02,05,12,18,30,41,24
110,2002,11,14,05,06,08,19,37,41,09
111,2002,11,21,11,15,21,31,32,43,24
112,2002,11,28,16,18,23,25,29,30,41
113,2002,12,5,03,17,27,29,30,42,06
114,2002,12,12,07,13,14,29,38,42,09
115,2002,12,19,08,09,11,27,37,39,18
116,2002,12,26,08,10,15,16,26,31,42
117,2003,1,9,05,07,19,20,38,43,04
118,2003,1,16,09,13,21,30,32,37,20
119,2003,1,23,03,04,11,12,15,30,17
120,2003,1,30,15,18,22,25,36,40,14
121,2003,2,6,03,08,10,22,28,41,35
122,2003,2,13,19,20,21,25,33,42,41
123,2003,2,20,14,21,26,28,29,31,08
124,2003,2,27,04,17,23,30,39,40,28
125,2003,3,6,11,15,19,30,36,41,10
126,2003,3,13,05,06,09,10,21,38,20
127,2003,3,20,14,16,21,26,37,40,03
128,2003,3,27,06,10,18,20,29,39,21
129,2003,4,3,06,18,25,26,30,42,24
130,2003,4,10,22,30,31,34,38,39,02
131,2003,4,17,06,30,33,34,40,43,01
132,2003,4,24,03,18,23,31,32,37,01
133,2003,5,1,17,24,26,35,40,41,16
134,2003,5,8,02,06,11,14,18,19,21
135,2003,5,15,07,13,30,33,35,36,11
136,2003,5,22,03,13,26,31,32,39,01
137,2003,5,29,10,13,20,22,25,42,14
138,2003,6,5,07,09,10,16,23,29,18
139,2003,6,12,10,21,22,28,37,41,12
140,2003,6,19,17,19,29,37,39,40,10
141,2003,6,26,08,09,14,24,32,39,30
142,2003,7,3,02,16,22,27,29,39,38
143,2003,7,10,17,21,22,27,33,41,43
144,2003,7,17,01,16,19,33,38,41,43
145,2003,7,24,01,04,10,21,23,38,07
146,2003,7,31,07,17,27,36,37,39,04
147,2003,8,7,16,18,20,29,30,38,27
148,2003,8,14,03,16,18,20,28,29,09
149,2003,8,21,08,09,13,20,33,37,19
150,2003,8,28,10,11,18,20,31,43,27
151,2003,9,4,03,08,17,25,28,32,27
152,2003,9,11,04,08,12,16,31,33,17
153,2003,9,18,04,07,08,12,25,26,41
154,2003,9,25,07,09,18,26,27,38,14
155,2003,10,2,05,06,07,18,22,27,41
156,2003,10,9,06,20,22,29,30,35,39
157,2003,10,16,05,08,17,19,25,27,21
158,2003,10,23,01,06,12,35,37,38,30
159,2003,10,30,12,23,30,31,38,42,06
160,2003,11,6,04,10,20,30,31,32,26
161,2003,11,13,23,26,28,33,38,42,08
162,2003,11,20,03,22,25,30,33,37,35
163,2003,11,27,02,03,11,17,24,34,28
164,2003,12,4,01,02,13,14,35,38,32
165,2003,12,11,09,11,16,21,25,36,10
166,2003,12,18,14,18,20,28,34,38,17
167,2003,12,25,10,14,17,19,29,42,02
168,2004,1,8,01,06,31,32,36,39,42
169,2004,1,15,03,15,17,19,26,36,39
170,2004,1,22,10,12,15,17,30,31,06
171,2004,1,29,05,06,17,23,32,33,39
172,2004,2,5,10,11,22,23,33,34,27
173,2004,2,12,06,10,22,30,31,35,18
174,2004,2,19,02,09,16,36,38,42,06
175,2004,2,26,02,03,10,22,28,40,43
176,2004,3,4,08,19,25,31,34,37,30
177,2004,3,11,06,18,19,30,36,41,27
178,2004,3,18,10,22,27,30,36,39,04
179,2004,3,25,03,06,11,13,15,16,23
180,2004,4,1,04,10,11,12,20,36,28
181,2004,4,8,01,02,07,21,29,30,23
182,2004,4,15,22,23,28,37,40,43,30
183,2004,4,22,14,29,31,36,38,40,33
184,2004,4,29,05,07,23,31,39,42,19
185,2004,5,6,08,13,14,18,35,41,33
186,2004,5,13,07,16,18,33,36,41,04
187,2004,5,20,12,21,22,27,39,40,25
188,2004,5,27,03,08,18,25,26,39,38
189,2004,6,3,03,32,35,36,39,40,05
190,2004,6,10,17,23,30,31,39,43,42
191,2004,6,17,04,07,25,27,34,43,35
192,2004,6,24,03,07,19,27,39,41,10
193,2004,7,1,03,04,18,31,40,43,22
194,2004,7,8,04,11,12,21,36,38,37
195,2004,7,15,05,10,12,22,26,41,19
196,2004,7,22,04,05,11,16,30,33,14
197,2004,7,29,09,10,17,22,28,30,19
198,2004,8,5,04,05,06,17,20,42,10
199,2004,8,12,03,14,24,25,33,36,41
200,2004,8,19,04,07,11,19,25,28,02
201,2004,8,26,10,13,16,17,24,39,43
202,2004,9,2,09,18,26,28,33,40,10
203,2004,9,9,12,18,20,27,35,37,39
204,2004,9,16,02,17,20,25,39,42,30
205,2004,9,23,04,07,09,16,18,34,26
206,2004,9,30,01,03,16,22,41,43,13
207,2004,10,7,17,21,23,30,31,34,05
208,2004,10,14,18,24,29,32,35,39,23
209,2004,10,21,08,27,30,35,40,41,09
210,2004,10,28,01,06,21,22,37,40,19
211,2004,11,4,10,14,23,26,33,36,24
212,2004,11,11,01,11,17,32,35,39,20
213,2004,11,18,04,07,18,26,29,43,08
214,2004,11,25,04,07,09,11,20,36,32
215,2004,12,2,01,04,13,18,22,31,30
216,2004,12,9,09,21,29,33,35,41,27
217,2004,12,16,08,19,23,27,29,39,28
218,2004,12,23,08,10,18,22,31,36,04
219,2004,12,30,27,28,29,34,35,39,33
220,2005,1,6,23,25,26,29,33,37,40
221,2005,1,13,08,27,30,31,38,42,13
222,2005,1,20,04,14,15,22,29,31,20
223,2005,1,27,07,09,19,26,30,32,03
224,2005,2,3,12,17,18,19,30,35,13
225,2005,2,10,09,11,21,31,35,38,13
226,2005,2,17,08,26,36,40,42,43,21
227,2005,2,24,06,13,17,29,32,36,35
228,2005,3,3,05,08,17,26,36,39,34
229,2005,3,10,08,16,21,24,27,36,20
230,2005,3,17,04,09,18,31,36,42,34
231,2005,3,24,01,04,06,16,18,43,41
232,2005,3,31,01,05,07,26,39,43,32
233,2005,4,7,06,18,26,40,41,42,09
234,2005,4,14,11,17,24,26,27,30,19
235,2005,4,21,06,21,23,24,28,39,38
236,2005,4,28,01,08,09,14,34,38,04
237,2005,5,5,01,03,11,13,27,37,30
238,2005,5,12,05,10,15,20,33,37,30
239,2005,5,19,04,09,18,30,31,40,24
240,2005,5,26,11,15,26,31,36,39,12
241,2005,6,2,08,14,27,33,36,40,20
242,2005,6,9,01,10,13,22,29,32,38
243,2005,6,16,05,34,35,38,42,43,08
244,2005,6,23,11,12,30,36,38,39,37
245,2005,6,30,03,06,18,24,28,36,21
246,2005,7,7,16,28,32,34,39,42,38
247,2005,7,14,08,16,30,32,34,39,13
248,2005,7,21,11,32,35,36,39,41,06
249,2005,7,28,01,03,17,23,33,35,18
250,2005,8,4,03,08,09,13,22,42,11
251,2005,8,11,02,12,19,25,29,36,26
252,2005,8,18,02,06,13,22,32,33,12
253,2005,8,25,15,16,19,22,36,43,13
254,2005,9,1,12,13,22,23,25,29,40
255,2005,9,8,06,07,12,17,34,42,08
256,2005,9,15,15,17,18,28,30,37,40
257,2005,9,22,07,15,29,30,39,40,11
258,2005,9,29,03,15,16,17,25,31,40
259,2005,10,6,01,12,15,23,34,42,27
260,2005,10,13,11,15,21,31,37,41,30
261,2005,10,20,06,17,18,21,35,41,32
262,2005,10,27,05,07,11,19,21,25,27
263,2005,11,3,01,05,13,22,39,41,04
264,2005,11,10,02,05,06,08,20,27,43
265,2005,11,17,02,03,16,22,23,28,40
266,2005,11,24,11,15,18,24,30,39,07
267,2005,12,1,03,05,08,22,35,38,41
268,2005,12,8,03,06,08,14,24,36,15
269,2005,12,15,01,10,13,15,21,23,36
270,2005,12,22,17,19,21,29,33,38,30
271,2005,12,29,09,10,19,25,40,41,08
272,2006,1,5,07,12,13,20,23,26,41
273,2006,1,12,04,18,20,21,29,40,37
274,2006,1,19,04,05,14,27,31,39,06
275,2006,1,26,04,13,15,31,33,40,08
276,2006,2,2,06,11,27,30,33,36,34
277,2006,2,9,07,09,18,20,30,38,23
278,2006,2,16,09,13,14,17,22,38,33
279,2006,2,23,07,11,12,23,30,43,27
280,2006,3,2,06,12,26,37,38,39,25
281,2006,3,9,03,09,10,11,19,35,30
282,2006,3,16,01,09,17,31,41,43,23
283,2006,3,23,06,09,16,22,27,37,36
284,2006,3,30,20,26,30,33,35,38,04
285,2006,4,6,01,03,09,14,16,29,37
286,2006,4,13,10,11,14,28,31,41,03
287,2006,4,20,01,05,18,34,35,39,07
288,2006,4,27,03,04,11,25,28,33,35
289,2006,5,4,07,09,12,17,34,38,03
290,2006,5,11,11,13,15,17,22,43,08
291,2006,5,18,10,15,20,28,41,43,19
292,2006,5,25,07,14,27,31,34,39,40
293,2006,6,1,06,08,15,17,36,43,38
294,2006,6,8,02,05,13,14,17,20,21
295,2006,6,15,09,12,18,20,37,43,05
296,2006,6,22,04,19,27,30,31,37,10
297,2006,6,29,06,08,09,20,38,40,02
298,2006,7,6,12,25,29,31,35,40,26
299,2006,7,13,02,04,05,17,35,41,18
300,2006,7,20,04,07,29,33,36,39,09
301,2006,7,27,04,05,06,09,10,11,33
302,2006,8,3,02,04,13,23,38,40,24
303,2006,8,10,04,24,31,35,37,39,13
304,2006,8,17,03,07,08,15,17,31,27
305,2006,8,24,01,02,05,23,31,34,43
306,2006,8,31,01,20,25,28,31,42,02
307,2006,9,7,01,07,11,32,33,40,27
308,2006,9,14,03,13,18,20,23,28,35
309,2006,9,21,01,04,26,36,41,42,09
310,2006,9,28,03,04,05,18,28,37,26
311,2006,10,5,01,16,22,36,37,42,34
312,2006,10,12,02,17,22,29,38,42,16
313,2006,10,19,01,19,21,31,32,40,33
314,2006,10,26,03,08,14,30,38,43,06
315,2006,11,2,01,02,17,24,40,41,31
316,2006,11,9,03,04,20,30,40,41,31
317,2006,11,16,07,08,15,30,35,36,40
318,2006,11,23,02,07,13,16,36,37,41
319,2006,11,30,15,20,23,28,37,40,17
320,2006,12,7,01,05,25,27,38,41,09
321,2006,12,14,21,29,31,36,38,41,10
322,2006,12,21,18,19,22,25,35,42,36
323,2006,12,28,09,11,21,23,33,39,26
324,2007,1,4,05,13,27,37,39,41,36
325,2007,1,11,06,07,18,29,33,39,43
326,2007,1,18,01,07,09,14,23,43,19
327,2007,1,25,06,12,14,28,31,36,35
328,2007,2,1,03,07,10,12,19,36,35
329,2007,2,8,06,08,15,17,39,40,37
330,2007,2,15,05,12,16,19,28,39,34
331,2007,2,22,02,08,17,24,32,38,35
332,2007,3,1,07,08,16,24,26,34,19
333,2007,3,8,01,05,07,15,41,42,38
334,2007,3,15,11,14,17,18,34,36,23
335,2007,3,22,04,05,10,23,36,42,08
336,2007,3,29,03,06,13,17,20,29,11
337,2007,4,5,05,15,16,20,34,39,29
338,2007,4,12,08,10,25,31,39,40,35
339,2007,4,19,03,05,09,26,34,36,12
340,2007,4,26,04,10,13,31,35,42,07
341,2007,5,3,04,14,23,25,28,35,41
342,2007,5,10,08,15,26,27,34,38,10
343,2007,5,17,13,28,29,37,38,41,35
344,2007,5,24,08,11,16,20,28,36,42
345,2007,5,31,10,21,22,25,35,37,18
346,2007,6,7,04,09,11,12,32,38,16
347,2007,6,14,08,20,23,27,32,33,13
348,2007,6,21,04,05,06,27,36,38,13
349,2007,6,28,08,13,15,19,20,30,25
350,2007,7,5,13,18,25,26,29,40,06
351,2007,7,12,03,13,16,24,26,43,15
352,2007,7,19,06,08,24,25,34,38,10
353,2007,7,26,01,09,15,16,22,26,29
354,2007,8,2,04,06,22,31,34,41,43
355,2007,8,9,01,11,24,26,36,37,39
356,2007,8,16,01,05,08,12,17,29,28
357,2007,8,23,02,10,11,12,19,38,06
358,2007,8,30,12,31,32,34,39,42,30
359,2007,9,6,03,05,19,20,23,27,40
360,2007,9,13,02,03,06,14,26,42,25
361,2007,9,20,01,21,28,30,37,43,31
362,2007,9,27,07,10,15,20,37,40,28
363,2007,10,4,03,06,07,22,27,31,04
364,2007,10,11,07,11,12,19,33,42,36
365,2007,10,18,06,19,20,28,36,37,11
366,2007,10,25,12,13,15,18,30,41,21
367,2007,11,1,10,13,17,38,41,43,28
368,2007,11,8,07,10,18,21,33,35,13
369,2007,11,15,03,09,12,16,18,37,14
370,2007,11,22,02,11,13,15,16,32,43
371,2007,11,29,14,15,23,24,32,34,31
372,2007,12,6,07,19,28,33,35,39,21
373,2007,12,13,07,14,15,19,35,43,30
374,2007,12,20,04,24,25,26,27,34,28
375,2007,12,27,07,09,14,17,36,37,11
376,2008,1,10,20,21,25,27,34,38,16
377,2008,1,17,02,03,08,20,21,24,13
378,2008,1,24,11,13,19,26,36,43,31
379,2008,1,31,08,13,15,21,33,34,05
380,2008,2,7,17,22,25,26,27,43,16
381,2008,2,14,04,13,15,22,39,41,30
382,2008,2,21,02,06,15,28,29,43,14
383,2008,2,28,07,12,17,18,24,28,43
384,2008,3,6,17,19,20,22,33,41,35
385,2008,3,13,06,31,34,35,37,40,07
386,2008,3,20,02,09,11,15,23,25,27
387,2008,3,27,12,16,19,27,30,32,38
388,2008,4,3,05,12,14,18,20,31,02
389,2008,4,10,06,12,22,25,31,35,28
390,2008,4,17,05,16,17,22,39,43,21
391,2008,4,24,08,20,23,24,29,38,43
392,2008,5,1,10,15,18,30,31,37,11
393,2008,5,8,07,18,27,37,38,43,35
394,2008,5,15,14,27,28,31,37,40,18
395,2008,5,22,15,21,26,28,42,43,39
396,2008,5,29,09,12,21,26,33,40,05
397,2008,6,5,15,16,23,30,39,43,11
398,2008,6,12,02,31,36,37,39,43,13
399,2008,6,19,01,14,17,28,31,37,21
400,2008,6,26,04,09,19,22,23,33,38
401,2008,7,3,14,15,27,34,35,42,37
402,2008,7,10,03,18,23,24,29,33,28
403,2008,7,17,08,10,13,20,24,33,23
404,2008,7,24,03,10,14,18,26,43,33
405,2008,7,31,06,13,19,20,30,31,08
406,2008,8,7,01,02,04,16,36,37,40
407,2008,8,14,11,18,19,30,37,39,38
408,2008,8,21,12,20,23,28,31,32,39
409,2008,8,28,06,13,17,27,28,36,33
410,2008,9,4,02,12,16,20,42,43,28
411,2008,9,11,02,04,06,24,35,39,34
412,2008,9,18,02,06,07,09,16,19,33
413,2008,9,25,02,14,15,26,35,37,25
414,2008,10,2,01,02,04,05,09,25,15
415,2008,10,9,09,28,33,34,37,43,41
416,2008,10,16,12,15,22,24,29,37,06
417,2008,10,23,03,20,23,30,31,37,06
418,2008,10,30,03,12,16,25,32,36,34
419,2008,11,6,05,08,16,25,26,30,01
420,2008,11,13,14,19,21,28,29,31,24
421,2008,11,20,02,06,08,10,25,34,31
422,2008,11,27,05,06,07,08,28,38,36
423,2008,12,4,01,02,03,30,35,36,21
424,2008,12,11,03,13,17,25,40,41,04
425,2008,12,18,02,03,12,20,34,43,04
426,2008,12,25,06,08,09,29,32,37,04
427,2009,1,8,05,12,13,33,39,42,20
428,2009,1,15,08,16,18,35,42,43,13
429,2009,1,22,17,25,29,33,37,42,07
430,2009,1,29,01,08,18,26,34,42,21
431,2009,2,5,01,05,19,20,35,41,33
432,2009,2,12,08,20,23,24,42,43,16
433,2009,2,19,03,09,11,24,26,34,25
434,2009,2,26,03,12,19,33,35,36,37
435,2009,3,5,02,11,12,28,35,37,27
436,2009,3,12,04,12,21,22,27,38,31
437,2009,3,19,02,05,11,21,23,43,15
438,2009,3,26,03,09,16,17,20,31,42
439,2009,4,2,11,14,20,28,32,41,27
440,2009,4,9,09,23,29,30,31,39,18
441,2009,4,16,10,18,33,34,39,41,21
442,2009,4,23,02,23,26,35,41,42,38
443,2009,4,30,06,10,21,22,23,35,05
444,2009,5,7,05,13,16,18,24,32,30
445,2009,5,14,10,20,23,26,37,40,09
446,2009,5,21,03,08,17,26,27,36,13
447,2009,5,28,15,23,29,36,42,43,34
448,2009,6,4,09,23,32,35,39,42,37
449,2009,6,11,19,20,21,23,27,32,24
450,2009,6,18,15,20,21,32,40,42,27
451,2009,6,25,06,14,16,19,26,39,21
452,2009,7,2,01,05,25,27,29,40,19
453,2009,7,9,07,17,19,27,35,40,41
454,2009,7,16,02,16,18,27,42,43,12
455,2009,7,23,11,20,26,28,30,43,24
456,2009,7,30,03,07,15,25,30,39,22
457,2009,8,6,10,12,27,32,34,43,42
458,2009,8,13,01,18,27,30,36,40,05
459,2009,8,20,11,13,27,31,37,43,30
460,2009,8,27,18,22,23,32,35,40,07
461,2009,9,3,08,10,13,30,32,42,12
462,2009,9,10,02,04,06,16,31,33,05
463,2009,9,17,10,13,16,25,30,42,28
464,2009,9,24,10,21,22,25,27,37,36
465,2009,10,1,06,24,27,30,32,38,13
466,2009,10,8,01,04,19,28,34,40,14
467,2009,10,15,18,19,20,24,32,43,41
468,2009,10,22,09,17,26,30,34,40,33
469,2009,10,29,10,12,20,35,40,43,28
470,2009,11,5,01,11,17,23,38,43,18
471,2009,11,12,02,13,14,22,23,32,34
472,2009,11,19,10,17,28,30,36,42,05
473,2009,11,26,06,16,17,22,34,37,26
474,2009,12,3,12,15,19,25,28,41,18
475,2009,12,10,05,09,10,27,33,42,02
476,2009,12,17,07,17,22,30,36,40,02
477,2009,12,24,12,14,16,18,38,41,17
478,2010,1,7,11,14,23,30,31,38,42
479,2010,1,14,05,07,14,17,20,27,03
480,2010,1,21,02,05,17,18,35,38,34
481,2010,1,28,02,09,11,24,25,34,20
482,2010,2,4,04,30,31,36,37,38,19
483,2010,2,11,02,08,15,24,33,35,30
484,2010,2,18,13,19,25,29,32,35,42
485,2010,2,25,14,26,30,33,34,39,19
486,2010,3,4,16,25,27,29,34,41,06
487,2010,3,11,02,06,08,19,22,34,30
488,2010,3,18,05,15,29,34,39,42,06
489,2010,3,25,06,08,12,30,33,43,36
490,2010,4,1,05,09,13,28,34,40,10
491,2010,4,8,07,09,20,27,31,34,33
492,2010,4,15,01,08,12,20,23,37,10
493,2010,4,22,08,26,30,36,41,42,20
494,2010,4,29,08,16,19,23,26,31,06
495,2010,5,6,04,06,20,21,29,33,31
496,2010,5,13,02,06,11,29,32,41,03
497,2010,5,20,06,12,14,17,36,40,34
498,2010,5,27,01,25,36,41,42,43,39
499,2010,6,3,03,09,15,16,22,35,12
500,2010,6,10,06,20,28,31,34,38,10
501,2010,6,17,03,17,21,23,36,38,07
502,2010,6,24,09,12,27,28,29,41,07
503,2010,7,1,01,18,25,27,28,39,11
504,2010,7,8,12,21,22,27,29,31,35
505,2010,7,15,19,21,27,33,34,43,41
506,2010,7,22,05,11,21,27,37,39,26
507,2010,7,29,05,14,19,21,28,31,17
508,2010,8,5,01,07,14,15,24,42,13
509,2010,8,12,03,04,12,18,27,28,40
510,2010,8,19,12,15,26,35,41,43,25
511,2010,8,26,04,22,23,27,38,43,09
512,2010,9,2,14,20,23,25,33,39,34
513,2010,9,9,01,06,12,14,15,19,18
514,2010,9,16,06,07,14,15,19,41,31
515,2010,9,23,02,03,23,25,33,35,34
516,2010,9,30,02,14,16,17,29,30,10
517,2010,10,7,06,10,13,14,28,37,39
518,2010,10,14,14,31,34,35,40,42,25
519,2010,10,21,01,13,25,29,30,33,35
520,2010,10,28,02,04,12,14,26,43,40
521,2010,11,4,01,08,15,21,23,30,33
522,2010,11,11,03,06,16,23,25,43,37
523,2010,11,18,07,08,26,27,41,43,16
524,2010,11,25,07,11,14,18,35,40,43
525,2010,12,2,01,11,17,28,33,38,20
526,2010,12,9,08,14,18,19,26,27,23
527,2010,12,16,05,07,12,23,39,41,09
528,2010,12,23,02,05,12,21,28,32,41
529,2010,12,30,06,19,21,24,31,41,07
530,2011,1,6,01,10,19,30,33,36,35
531,2011,1,13,05,12,16,24,26,33,08
532,2011,1,20,23,28,33,35,37,42,04
533,2011,1,27,06,16,24,31,41,43,07
534,2011,2,3,01,02,19,22,26,37,43
535,2011,2,10,06,14,23,24,27,32,11
536,2011,2,17,04,10,12,14,23,36,02
537,2011,2,24,10,18,22,24,26,37,12
538,2011,3,3,02,11,14,23,26,33,28
539,2011,3,10,03,10,13,17,18,28,24
540,2011,3,17,15,23,29,35,36,41,42
541,2011,3,24,03,04,05,28,34,43,20
542,2011,3,31,10,14,23,35,38,41,17
543,2011,4,4,15,17,18,19,22,31,30
544,2011,4,7,11,14,16,32,41,42,33
545,2011,4,11,16,21,24,28,32,36,35
546,2011,4,14,01,14,30,34,40,43,27
547,2011,4,18,06,10,11,30,32,39,27
548,2011,4,21,12,13,16,28,29,35,05
549,2011,4,25,05,14,27,29,32,33,16
550,2011,4,28,12,15,19,32,36,42,37
551,2011,5,2,15,16,19,21,26,42,10
552,2011,5,5,13,22,26,30,40,41,08
553,2011,5,9,03,09,11,15,27,37,10
554,2011,5,12,16,27,34,35,36,38,37
555,2011,5,16,02,03,07,09,36,42,05
556,2011,5,19,06,09,13,17,29,30,25
557,2011,5,23,06,18,23,32,38,43,37
558,2011,5,26,04,32,33,38,41,43,02
559,2011,5,30,02,07,16,25,26,43,03
560,2011,6,2,04,17,19,37,39,42,16
561,2011,6,6,04,14,30,35,40,41,29
562,2011,6,9,09,10,11,25,30,37,12
563,2011,6,13,04,05,26,28,34,38,08
564,2011,6,16,03,12,18,24,34,39,16
565,2011,6,20,03,06,08,21,28,32,10
566,2011,6,23,10,17,18,29,30,41,07
567,2011,6,27,07,13,17,23,28,34,25
568,2011,6,30,07,10,15,31,32,42,41
569,2011,7,4,04,19,21,25,28,40,38
570,2011,7,7,02,04,10,28,38,43,25
571,2011,7,11,06,20,21,23,33,38,10
572,2011,7,14,10,12,18,38,42,43,40
573,2011,7,18,03,05,21,30,37,38,11
574,2011,7,21,04,11,16,20,26,43,09
575,2011,7,25,04,11,17,21,23,30,18
576,2011,7,28,08,09,21,24,29,37,01
577,2011,8,1,03,12,29,31,36,37,26
578,2011,8,4,16,22,23,27,33,37,36
579,2011,8,8,06,08,17,19,23,42,32
580,2011,8,11,12,15,17,25,35,43,32
581,2011,8,15,05,22,28,29,35,39,21
582,2011,8,18,07,10,14,25,32,38,13
583,2011,8,22,02,12,17,18,40,43,16
584,2011,8,25,10,11,24,26,37,38,21
585,2011,8,29,01,28,32,34,41,42,22
586,2011,9,1,06,07,10,23,36,42,11
587,2011,9,5,10,12,18,27,33,40,42
588,2011,9,8,08,13,18,33,34,36,23
589,2011,9,12,01,09,10,28,41,42,33
590,2011,9,15,20,24,25,27,32,37,02
591,2011,9,19,01,13,16,22,27,33,05
592,2011,9,22,12,14,22,23,34,41,36
593,2011,9,26,02,10,16,26,29,30,04
594,2011,9,29,04,05,15,30,34,38,02
595,2011,10,3,01,05,15,22,39,40,27
596,2011,10,6,02,13,17,24,29,34,12
597,2011,10,10,03,04,07,13,16,23,01
598,2011,10,13,06,10,15,21,36,41,40
599,2011,10,17,01,02,08,13,27,39,36
600,2011,10,20,03,20,23,24,28,35,26
601,2011,10,24,06,22,25,26,30,39,32
602,2011,10,27,08,13,15,18,24,41,27
603,2011,10,31,03,08,18,21,23,42,17
604,2011,11,3,09,15,20,22,28,43,37
605,2011,11,7,01,04,13,25,38,43,11
606,2011,11,10,08,15,24,26,35,42,07
607,2011,11,14,02,03,08,12,20,21,16
608,2011,11,17,04,06,16,17,18,26,40
609,2011,11,21,18,24,36,37,39,41,01
610,2011,11,24,02,05,12,23,26,41,36
611,2011,11,28,10,12,14,24,34,39,16
612,2011,12,1,07,18,31,32,39,40,35
613,2011,12,5,02,06,18,26,32,37,05
614,2011,12,8,02,06,22,25,31,42,01
615,2011,12,12,06,16,24,32,36,43,28
616,2011,12,15,04,07,18,19,24,35,17
617,2011,12,19,05,08,18,28,34,35,10
618,2011,12,22,04,15,21,31,35,42,13
619,2011,12,26,02,11,29,31,33,38,14
620,2011,12,29,07,10,13,19,31,38,12
621,2012,1,5,06,15,16,28,36,40,20
622,2012,1,9,07,16,18,20,27,36,41
623,2012,1,12,07,08,16,35,39,42,09
624,2012,1,16,04,08,12,22,25,30,43
625,2012,1,19,05,17,26,37,39,42,20
626,2012,1,23,06,13,14,22,26,28,10
627,2012,1,26,02,04,07,19,34,42,30
628,2012,1,30,07,13,15,18,29,38,30
629,2012,2,2,06,16,21,30,34,43,36
630,2012,2,6,03,07,13,18,19,41,38
631,2012,2,9,02,05,07,10,36,40,12
632,2012,2,13,03,04,14,21,22,25,26
633,2012,2,16,07,09,11,14,15,18,05
634,2012,2,20,08,10,13,15,20,40,23
635,2012,2,23,08,11,12,15,41,43,22
636,2012,2,27,02,12,21,23,24,26,36
637,2012,3,1,07,12,16,28,31,34,11
638,2012,3,5,06,11,19,28,35,40,14
639,2012,3,8,01,16,20,24,33,34,08
640,2012,3,12,03,11,18,20,33,39,22
641,2012,3,15,03,14,21,24,26,29,32
642,2012,3,19,08,13,14,21,33,41,18
643,2012,3,22,02,06,21,31,35,37,15
644,2012,3,26,04,14,22,23,26,42,02
645,2012,3,29,03,10,12,32,33,43,31
646,2012,4,2,09,12,14,24,28,33,37
647,2012,4,5,02,07,15,22,36,43,27
648,2012,4,9,22,26,27,28,36,43,01
649,2012,4,12,14,22,29,33,36,40,38
650,2012,4,16,12,31,34,40,41,43,06
651,2012,4,19,04,15,17,34,38,40,05
652,2012,4,23,01,10,16,19,20,39,29
653,2012,4,26,13,21,22,26,29,36,31
654,2012,4,30,12,18,21,29,32,38,02
655,2012,5,3,05,10,23,26,28,29,27
656,2012,5,7,02,08,13,17,25,37,30
657,2012,5,10,03,20,29,33,34,40,02
658,2012,5,14,14,24,32,40,41,42,09
659,2012,5,17,21,30,35,39,41,42,03
660,2012,5,21,08,20,31,36,37,38,39
661,2012,5,24,06,09,17,20,33,40,26
662,2012,5,28,12,31,32,34,36,40,06
663,2012,5,31,13,18,21,30,33,40,25
664,2012,6,4,02,08,11,12,26,29,22
665,2012,6,7,13,22,27,29,36,37,40
666,2012,6,11,02,06,28,30,31,41,07
667,2012,6,14,21,31,34,37,39,40,15
668,2012,6,18,07,13,20,27,34,35,22
669,2012,6,21,04,06,10,17,24,33,19
670,2012,6,25,01,04,07,25,32,41,18
671,2012,6,28,05,10,14,16,23,38,21
672,2012,7,2,01,05,23,24,36,43,19
673,2012,7,5,02,06,16,27,28,29,38
674,2012,7,9,08,11,15,22,40,41,39
675,2012,7,12,08,10,15,21,24,34,28
676,2012,7,16,02,08,20,33,38,42,21
677,2012,7,19,04,11,22,31,32,35,23
678,2012,7,23,08,24,25,29,32,40,28
679,2012,7,26,04,05,07,37,41,42,39
680,2012,7,30,08,09,23,34,38,41,06
681,2012,8,2,01,11,13,30,37,41,27
682,2012,8,6,03,05,07,18,19,41,34
683,2012,8,9,16,24,29,32,35,38,37
684,2012,8,13,06,07,13,18,27,33,16
685,2012,8,16,12,23,27,32,39,43,15
686,2012,8,20,21,24,26,35,37,38,16
687,2012,8,23,16,20,27,33,40,42,34
688,2012,8,27,09,12,16,33,34,35,01
689,2012,8,30,06,08,12,17,24,31,38
690,2012,9,3,07,08,10,21,34,38,30
691,2012,9,6,04,07,08,15,16,42,23
692,2012,9,10,09,10,12,19,21,42,15
693,2012,9,13,04,14,18,22,32,35,10
694,2012,9,17,08,23,27,31,38,40,03
695,2012,9,20,04,07,11,12,13,19,27
696,2012,9,24,02,10,14,19,36,39,09
697,2012,9,27,02,12,14,18,40,41,06
698,2012,10,1,05,20,21,26,30,33,27
699,2012,10,4,12,13,21,25,29,32,20
700,2012,10,8,01,08,17,24,33,35,11
701,2012,10,11,20,22,24,32,36,39,29
702,2012,10,15,01,20,23,37,38,40,04
703,2012,10,18,20,24,27,28,38,41,04
704,2012,10,22,07,10,16,18,19,37,20
705,2012,10,25,14,15,16,18,20,33,03
706,2012,10,29,02,08,29,31,34,37,09
707,2012,11,1,08,15,21,32,40,41,07
708,2012,11,5,02,13,20,22,25,38,35
709,2012,11,8,01,11,13,29,37,39,08
710,2012,11,12,04,05,09,20,33,37,35
711,2012,11,15,05,11,15,24,34,39,37
712,2012,11,19,02,05,08,09,14,25,18
713,2012,11,22,19,20,21,24,25,26,35
714,2012,11,26,02,14,26,28,29,42,13
715,2012,11,29,05,10,12,25,28,31,36
716,2012,12,3,05,07,14,24,25,35,32
717,2012,12,6,13,14,16,21,29,42,20
718,2012,12,10,15,20,27,29,33,43,18
719,2012,12,13,11,14,27,31,34,42,13
720,2012,12,17,25,26,27,28,35,38,19
721,2012,12,20,01,14,23,24,27,40,10
722,2012,12,24,06,11,32,34,35,39,18
723,2012,12,27,16,27,28,36,39,42,02
724,2013,1,7,04,09,32,37,38,39,31
725,2013,1,10,05,06,07,20,31,41,22
726,2013,1,14,13,21,30,31,37,40,14
727,2013,1,17,03,24,26,27,39,41,04
728,2013,1,21,10,15,22,23,38,42,12
729,2013,1,24,02,10,16,18,27,42,22
730,2013,1,28,10,15,21,22,33,35,01
731,2013,1,31,06,07,23,25,38,42,21
732,2013,2,4,20,33,35,36,37,38,29
733,2013,2,7,05,13,14,26,37,38,28
734,2013,2,11,10,19,22,27,29,39,21
735,2013,2,14,05,12,19,22,32,39,14
736,2013,2,18,02,14,17,19,38,43,06
737,2013,2,21,06,10,21,24,27,39,11
738,2013,2,25,14,21,22,32,33,41,09
739,2013,2,28,11,13,18,20,28,38,31
740,2013,3,4,08,09,15,26,37,40,18
741,2013,3,7,08,11,15,29,36,43,18
742,2013,3,11,02,12,13,14,22,35,04
743,2013,3,14,03,04,08,10,14,37,32
744,2013,3,18,02,05,12,14,30,42,03
745,2013,3,21,08,12,16,23,33,34,06
746,2013,3,25,06,09,10,29,31,35,28
747,2013,3,28,08,19,20,23,24,35,05
748,2013,4,1,02,14,16,27,28,30,21
749,2013,4,4,07,08,11,13,23,40,25
750,2013,4,8,04,06,13,16,18,39,34
751,2013,4,11,13,16,21,25,31,38,43
752,2013,4,15,03,05,13,18,22,37,14
753,2013,4,18,02,04,11,15,20,38,18
754,2013,4,22,16,27,33,35,39,41,42
755,2013,4,25,10,16,20,25,29,39,02
756,2013,4,29,08,10,24,26,27,28,32
757,2013,5,2,04,10,14,19,35,38,17
758,2013,5,6,11,19,20,25,38,40,33
759,2013,5,9,14,22,25,28,37,41,31
760,2013,5,13,03,04,06,15,32,40,34
761,2013,5,16,08,10,11,12,20,40,42
762,2013,5,20,06,08,09,20,24,27,40
763,2013,5,23,06,08,10,21,39,42,36
764,2013,5,27,06,07,24,34,42,43,14
765,2013,5,30,04,14,17,22,26,41,06
766,2013,6,3,06,10,12,32,37,39,33
767,2013,6,6,02,06,11,27,29,37,14
768,2013,6,10,01,08,19,25,32,38,39
769,2013,6,13,01,02,04,16,17,38,08
770,2013,6,17,17,19,21,22,36,37,25
771,2013,6,20,15,21,31,32,33,34,27
772,2013,6,24,07,11,16,19,20,23,30
773,2013,6,27,04,07,10,11,12,32,09
774,2013,7,1,02,04,09,13,16,33,15
775,2013,7,4,01,02,21,22,37,38,17
776,2013,7,8,02,08,14,23,28,42,25
777,2013,7,11,15,16,23,29,37,39,42
778,2013,7,15,05,11,17,24,35,41,03
779,2013,7,18,10,13,27,34,36,39,07
780,2013,7,22,06,07,12,26,39,43,04
781,2013,7,25,05,06,15,23,40,43,39
782,2013,7,29,19,21,23,24,27,43,10
783,2013,8,1,09,14,22,24,25,32,13
784,2013,8,5,01,09,23,29,37,41,22
785,2013,8,8,01,09,18,20,24,29,15
786,2013,8,12,10,11,17,31,35,39,23
787,2013,8,15,04,05,13,21,33,34,15
788,2013,8,19,02,08,13,27,31,32,16
789,2013,8,22,12,17,29,32,38,40,28
790,2013,8,26,09,13,19,27,34,38,08
791,2013,8,29,01,10,22,24,34,37,20
792,2013,9,2,01,07,14,25,37,43,04
793,2013,9,5,10,13,14,19,26,43,12
794,2013,9,9,15,22,25,29,34,42,02
795,2013,9,12,13,19,24,28,33,38,29
796,2013,9,16,01,07,11,14,22,34,02
797,2013,9,19,01,04,13,18,23,39,35
798,2013,9,23,01,03,05,25,39,41,34
799,2013,9,26,04,06,08,10,19,28,25
800,2013,9,30,08,12,22,23,25,35,43
801,2013,10,3,02,18,19,20,25,31,32
802,2013,10,7,09,13,18,19,25,30,15
803,2013,10,10,09,29,33,34,35,41,27
804,2013,10,14,06,20,23,25,31,33,30
805,2013,10,17,02,14,19,22,24,43,06
806,2013,10,21,03,16,19,25,39,40,29
807,2013,10,24,01,06,12,20,22,23,27
808,2013,10,28,13,18,22,28,41,42,26
809,2013,10,31,02,11,20,31,32,37,17
810,2013,11,4,03,31,32,38,39,40,37
811,2013,11,7,02,06,20,24,31,40,34
812,2013,11,11,01,12,15,26,34,40,22
813,2013,11,14,09,10,12,13,28,38,39
814,2013,11,18,04,07,15,23,38,42,01
815,2013,11,21,01,02,06,24,25,41,29
816,2013,11,25,05,14,19,24,27,37,09
817,2013,11,28,16,21,27,32,34,43,42
818,2013,12,2,05,21,24,34,37,38,16
819,2013,12,5,10,19,23,25,30,40,14
820,2013,12,9,01,11,19,28,39,43,16
821,2013,12,12,07,10,12,34,40,43,16
822,2013,12,16,06,11,15,24,27,33,29
823,2013,12,19,05,06,23,30,37,38,28
824,2013,12,23,16,19,26,27,29,32,04
825,2013,12,26,06,10,12,16,39,40,20
826,2013,12,30,05,15,22,24,29,36,02
827,2014,1,6,02,04,23,24,33,41,05
828,2014,1,9,02,09,10,24,25,43,26
829,2014,1,13,02,03,23,32,36,39,20
830,2014,1,16,05,06,09,18,28,40,22
831,2014,1,20,03,04,07,13,22,31,19
832,2014,1,23,19,24,27,31,32,33,17
833,2014,1,27,05,06,13,20,22,28,02
834,2014,1,30,04,17,27,39,41,42,08
835,2014,2,3,05,09,10,28,39,40,24
836,2014,2,6,07,11,31,34,38,43,28
837,2014,2,10,05,17,34,37,39,42,28
838,2014,2,13,12,28,32,36,38,43,13
839,2014,2,17,01,03,05,12,13,38,37
840,2014,2,20,03,04,17,24,27,34,39
841,2014,2,24,08,22,24,28,31,36,38
842,2014,2,27,08,11,17,26,33,43,24
843,2014,3,3,03,07,08,26,42,43,11
844,2014,3,6,02,05,18,27,35,38,24
845,2014,3,10,02,12,13,22,24,34,20
846,2014,3,13,09,14,18,28,30,33,04
847,2014,3,17,09,10,23,31,35,36,38
848,2014,3,20,06,07,13,15,35,39,33
849,2014,3,24,01,03,04,10,15,40,34
850,2014,3,27,02,11,30,32,38,41,04
851,2014,3,31,05,08,14,20,26,27,07
852,2014,4,3,03,17,22,23,27,40,35
853,2014,4,7,02,09,22,26,31,35,07
854,2014,4,10,04,11,14,18,25,37,42
855,2014,4,14,10,13,15,25,37,42,30
856,2014,4,17,10,24,32,34,38,40,43
857,2014,4,21,01,03,06,17,28,42,24
858,2014,4,24,03,14,29,32,33,42,40
859,2014,4,28,01,12,15,17,21,36,24
860,2014,5,1,14,16,32,35,38,41,06
861,2014,5,5,04,17,21,28,35,42,29
862,2014,5,8,05,10,16,34,36,39,43
863,2014,5,12,04,14,18,26,35,36,02
864,2014,5,15,19,21,24,28,32,40,12
865,2014,5,19,05,07,08,12,23,25,26
866,2014,5,22,01,03,10,21,29,43,39
867,2014,5,26,02,14,21,26,37,38,18
868,2014,5,29,05,18,19,26,31,43,10
869,2014,6,2,05,07,23,24,37,38,40
870,2014,6,5,01,11,14,21,23,39,26
871,2014,6,9,03,10,11,13,20,27,25
872,2014,6,12,06,10,17,18,19,24,07
873,2014,6,16,04,22,26,27,32,43,20
874,2014,6,19,02,08,21,27,33,37,42
875,2014,6,23,04,05,11,13,22,25,43
876,2014,6,26,11,12,18,25,35,39,09
877,2014,6,30,03,14,17,32,35,43,10
878,2014,7,3,05,14,16,22,25,40,43
879,2014,7,7,24,27,34,35,36,43,25
880,2014,7,10,01,08,11,16,25,32,19
881,2014,7,14,04,06,12,18,28,41,35
882,2014,7,17,05,15,23,26,30,36,06
883,2014,7,21,10,16,25,29,38,42,23
884,2014,7,24,02,07,25,26,38,42,19
885,2014,7,28,22,28,33,36,37,41,14
886,2014,7,31,07,10,13,23,34,39,11
887,2014,8,4,03,04,06,18,32,37,07
888,2014,8,7,02,04,09,36,37,39,43
889,2014,8,11,02,10,21,28,41,43,12
890,2014,8,14,01,04,06,14,28,31,21
891,2014,8,18,07,09,14,30,42,43,24
892,2014,8,21,14,19,31,35,40,43,38
893,2014,8,25,10,12,26,28,29,37,34
894,2014,8,28,04,05,09,20,21,32,40
895,2014,9,1,05,12,24,25,37,38,39
896,2014,9,4,05,06,21,27,32,38,34
897,2014,9,8,08,10,14,15,27,30,12
898,2014,9,11,13,17,21,25,29,37,23
899,2014,9,15,03,10,15,18,27,40,38
900,2014,9,18,08,12,21,22,31,35,02
901,2014,9,22,06,13,22,28,29,37,14
902,2014,9,25,11,21,26,31,32,33,22
903,2014,9,29,01,03,06,07,16,19,12
904,2014,10,2,02,04,06,15,21,41,29
905,2014,10,6,04,15,24,40,41,42,31
906,2014,10,9,06,09,12,13,30,40,31
907,2014,10,13,05,13,18,22,27,41,19
908,2014,10,16,06,14,21,22,23,30,32
909,2014,10,20,12,15,21,27,30,35,28
910,2014,10,23,11,12,13,17,25,33,14
911,2014,10,27,08,16,18,22,27,35,03
912,2014,10,30,05,14,19,20,32,42,11
913,2014,11,3,05,08,20,31,36,41,16
914,2014,11,6,02,03,26,33,36,40,19
915,2014,11,10,07,12,21,33,38,40,42
916,2014,11,13,06,14,25,27,38,43,21
917,2014,11,17,02,06,25,26,41,42,18
918,2014,11,20,10,15,25,29,34,36,39
919,2014,11,24,02,09,12,17,33,42,26
920,2014,11,27,09,17,27,30,35,38,06
921,2014,12,1,05,07,26,36,38,39,32
922,2014,12,4,04,06,19,32,33,38,01
923,2014,12,8,05,13,30,31,32,35,29
924,2014,12,11,13,20,24,32,35,42,43
925,2014,12,15,25,26,27,28,32,37,40
926,2014,12,18,16,26,32,35,37,39,25
927,2014,12,22,02,29,30,31,33,34,37
928,2014,12,25,01,21,23,26,31,33,14
929,2014,12,29,10,12,15,25,31,34,26
930,2015,1,5,10,12,37,39,40,43,11
931,2015,1,8,14,18,19,24,25,33,21
932,2015,1,12,04,15,30,37,42,43,32
933,2015,1,15,05,09,20,21,31,41,26
934,2015,1,19,03,07,16,17,20,32,12
935,2015,1,22,02,12,14,26,38,43,08
936,2015,1,26,01,03,12,16,20,35,05
937,2015,1,29,13,15,21,25,36,41,08
938,2015,2,2,05,09,12,19,30,35,29
939,2015,2,5,08,11,15,17,26,43,32
940,2015,2,9,01,18,28,31,35,37,39
941,2015,2,12,05,12,22,29,38,39,19
942,2015,2,16,02,03,14,27,28,38,08
943,2015,2,19,09,10,14,15,39,43,25
944,2015,2,23,07,20,25,29,33,37,27
945,2015,2,26,03,10,15,23,36,37,31
946,2015,3,2,02,09,12,16,31,36,41
947,2015,3,5,01,06,21,23,27,40,09
948,2015,3,9,07,16,17,28,39,43,24
949,2015,3,12,05,19,26,36,39,43,09
950,2015,3,16,02,06,16,24,30,41,18
951,2015,3,19,11,15,22,23,26,30,37
952,2015,3,23,10,16,22,25,31,39,27
953,2015,3,26,02,09,17,38,39,42,20
954,2015,3,30,03,23,24,28,29,42,41
955,2015,4,2,14,19,27,28,37,42,24
956,2015,4,6,01,04,06,22,24,38,34
957,2015,4,9,02,11,22,32,36,42,20
958,2015,4,13,09,18,23,24,26,30,21
959,2015,4,16,01,16,18,28,36,38,42
960,2015,4,20,05,18,23,32,35,39,10
961,2015,4,23,05,11,17,18,19,25,34
962,2015,4,27,04,06,10,24,32,37,35
963,2015,4,30,04,23,29,31,32,35,17
964,2015,5,4,02,21,23,29,30,43,26
965,2015,5,7,10,12,19,20,21,22,13
966,2015,5,11,10,22,31,34,36,43,30
967,2015,5,14,01,11,26,30,32,40,08
968,2015,5,18,06,10,15,20,23,26,17
969,2015,5,21,03,09,19,22,23,40,10
970,2015,5,25,02,04,18,23,31,38,01
971,2015,5,28,02,03,04,12,22,29,11
972,2015,6,1,02,07,17,18,21,40,29
973,2015,6,4,01,05,06,12,30,31,24
974,2015,6,8,02,03,29,30,32,43,26
975,2015,6,11,03,11,13,27,29,36,15
976,2015,6,15,06,13,22,28,42,43,29
977,2015,6,18,10,15,17,27,42,43,33
978,2015,6,22,03,11,19,30,38,42,31
979,2015,6,25,09,12,16,18,27,38,10
980,2015,6,29,15,20,23,35,38,42,13
981,2015,7,2,14,19,22,23,31,37,21
982,2015,7,6,15,19,21,22,29,40,42
983,2015,7,9,15,19,32,35,36,38,31
984,2015,7,13,14,23,24,28,37,38,20
985,2015,7,16,03,11,19,26,29,38,31
986,2015,7,20,04,11,17,30,36,43,05
987,2015,7,23,03,14,15,24,25,36,33
988,2015,7,27,05,06,10,22,34,41,19
989,2015,7,30,05,07,31,33,36,39,21
990,2015,8,3,04,12,16,27,28,41,42
991,2015,8,6,03,18,21,25,29,37,35
992,2015,8,10,04,06,08,22,27,38,34
993,2015,8,13,01,05,10,32,38,40,18
994,2015,8,17,18,22,29,31,39,43,09
995,2015,8,20,07,11,17,21,37,39,36
996,2015,8,24,01,03,14,26,27,42,25
997,2015,8,27,03,05,08,11,33,43,23
998,2015,8,31,01,03,12,19,26,29,28
999,2015,9,3,08,15,17,30,32,36,43
1000,2015,9,7,01,15,21,22,26,29,37
1001,2015,9,10,09,12,15,16,18,35,02
1002,2015,9,14,08,14,22,25,27,41,11
1003,2015,9,17,13,22,26,34,38,43,42
1004,2015,9,21,03,21,23,24,27,32,36
1005,2015,9,24,05,13,20,24,25,27,42
1006,2015,9,28,07,08,16,31,32,33,12
1007,2015,10,1,03,08,17,25,28,43,42
1008,2015,10,5,11,14,16,21,24,39,36
1009,2015,10,8,03,19,34,36,40,43,28
1010,2015,10,12,06,12,16,24,25,37,17
1011,2015,10,15,23,26,27,29,30,43,06
1012,2015,10,19,09,11,19,22,27,38,02
1013,2015,10,22,03,20,36,38,39,41,22
1014,2015,10,26,02,03,09,19,40,42,06
1015,2015,10,29,09,14,20,23,27,32,22
1016,2015,11,2,01,14,31,32,39,42,34
1017,2015,11,5,01,04,24,30,39,40,05
1018,2015,11,9,03,22,25,28,32,39,21
1019,2015,11,12,08,14,15,22,25,40,19
1020,2015,11,16,02,25,27,28,35,42,06
1021,2015,11,19,03,30,32,33,34,39,28
1022,2015,11,23,03,15,19,30,34,37,12
1023,2015,11,26,09,17,24,25,33,40,43
1024,2015,11,30,02,04,05,20,37,43,32
1025,2015,12,3,10,17,20,21,36,43,34
1026,2015,12,7,01,08,11,17,22,26,31
1027,2015,12,10,13,16,17,19,20,38,18
1028,2015,12,14,07,10,18,21,28,36,40
1029,2015,12,17,05,13,22,31,37,39,04
1030,2015,12,21,04,09,17,20,23,42,19
1031,2015,12,24,02,04,07,22,32,35,01
1032,2015,12,28,11,20,21,30,36,43,17
1033,2016,1,4,01,15,21,24,37,41,07
1034,2016,1,7,14,20,24,25,31,32,29
1035,2016,1,11,09,15,17,19,27,33,40
1036,2016,1,14,02,08,17,27,30,31,13
1037,2016,1,18,01,03,12,13,21,32,41
1038,2016,1,21,03,07,24,25,27,39,20
1039,2016,1,25,06,09,20,34,37,41,25
1040,2016,1,28,07,13,15,21,23,34,12
1041,2016,2,1,14,22,27,29,33,37,24
1042,2016,2,4,04,10,11,12,18,25,36
1043,2016,2,8,21,29,30,32,38,42,16
1044,2016,2,11,03,07,16,26,34,39,23
1045,2016,2,15,01,19,21,30,31,43,18
1046,2016,2,18,06,13,17,18,27,43,21
1047,2016,2,22,05,09,13,31,32,35,26
1048,2016,2,25,26,27,30,31,34,40,20
1049,2016,2,29,03,06,15,23,24,31,11
1050,2016,3,3,03,08,14,28,31,43,35
1051,2016,3,7,05,13,20,28,30,32,16
1052,2016,3,10,06,26,34,37,42,43,13
1053,2016,3,14,04,11,23,27,35,42,15
1054,2016,3,17,07,09,10,19,28,33,36
1055,2016,3,21,05,11,20,25,26,32,06
1056,2016,3,24,14,16,19,29,32,37,24
1057,2016,3,28,02,11,19,21,28,38,25
1058,2016,3,31,11,12,17,23,29,43,37
1059,2016,4,4,08,26,27,29,35,43,06
1060,2016,4,7,05,10,16,17,32,37,36
1061,2016,4,11,01,12,14,16,20,29,04
1062,2016,4,14,02,07,28,39,42,43,41
1063,2016,4,18,06,12,13,34,38,42,41
1064,2016,4,21,04,13,18,27,30,39,34
1065,2016,4,25,11,13,27,37,41,42,40
1066,2016,4,28,02,11,29,36,40,42,17
1067,2016,5,2,05,09,25,27,28,33,10
1068,2016,5,5,03,09,21,34,35,42,04
1069,2016,5,9,12,17,26,30,33,40,08
1070,2016,5,12,11,21,25,34,35,36,15
1071,2016,5,16,01,10,25,27,31,40,03
1072,2016,5,19,03,17,20,32,36,43,04
1073,2016,5,23,01,03,05,08,20,39,30
1074,2016,5,26,08,09,16,27,30,33,19
1075,2016,5,30,07,08,21,24,34,42,01
1076,2016,6,2,21,22,24,30,31,43,19
1077,2016,6,6,01,04,09,23,30,36,05
1078,2016,6,9,03,12,20,33,35,41,34
1079,2016,6,13,08,12,19,24,30,36,42
1080,2016,6,16,06,15,16,19,38,41,23
1081,2016,6,20,06,08,13,17,18,20,28
1082,2016,6,23,09,12,19,21,39,40,16
1083,2016,6,27,10,13,15,18,25,38,20
1084,2016,6,30,01,07,20,28,34,38,16
1085,2016,7,4,03,20,21,30,34,35,23
1086,2016,7,7,03,07,09,31,38,43,29
1087,2016,7,11,10,13,26,27,30,36,06
1088,2016,7,14,05,08,16,24,32,33,22
1089,2016,7,18,05,17,19,22,41,42,04
1090,2016,7,21,03,10,15,22,27,40,23
1091,2016,7,25,21,22,24,26,28,30,38
1092,2016,7,28,02,11,18,27,30,33,14
1093,2016,8,1,04,19,26,40,42,43,09
1094,2016,8,4,06,07,20,24,28,43,11
1095,2016,8,8,03,06,15,18,23,27,38
1096,2016,8,11,06,19,21,31,38,41,40
1097,2016,8,15,01,05,08,14,19,21,04
1098,2016,8,18,01,19,31,33,35,43,29
1099,2016,8,22,06,08,12,17,18,24,35
1100,2016,8,25,02,06,16,23,32,35,37
1101,2016,8,29,04,05,07,10,13,16,01
1102,2016,9,1,03,06,09,13,36,37,32
1103,2016,9,5,08,13,14,18,24,38,25
1104,2016,9,8,15,25,32,33,36,38,40
1105,2016,9,12,12,15,25,31,39,40,26
1106,2016,9,15,01,04,08,10,18,33,15
1107,2016,9,19,06,07,12,22,30,33,36
1108,2016,9,22,12,25,29,32,38,43,35
1109,2016,9,26,06,08,14,27,36,42,28
1110,2016,9,29,01,06,21,34,36,39,29
1111,2016,10,3,06,16,17,27,33,41,42
1112,2016,10,6,06,09,15,19,39,42,34
1113,2016,10,10,01,12,14,26,34,41,06
1114,2016,10,13,02,07,09,28,38,39,26
1115,2016,10,17,03,10,12,26,38,42,04
1116,2016,10,20,01,11,33,34,35,38,29
1117,2016,10,24,02,06,07,09,19,23,21
1118,2016,10,27,01,11,21,25,34,36,28
1119,2016,10,31,03,06,15,21,42,43,11
1120,2016,11,3,10,12,13,29,35,39,33
1121,2016,11,7,02,08,31,38,40,42,41
1122,2016,11,10,22,24,29,31,32,34,40
1123,2016,11,14,04,08,23,29,34,35,15
1124,2016,11,17,01,16,24,28,40,42,33
1125,2016,11,21,02,16,19,20,24,36,27
1126,2016,11,24,04,05,26,30,34,42,27
1127,2016,11,28,09,15,17,21,23,42,24
1128,2016,12,1,03,15,21,29,30,35,39
1129,2016,12,5,06,11,19,28,30,43,32
1130,2016,12,8,01,11,37,38,39,42,26
1131,2016,12,12,06,12,25,36,38,41,18
1132,2016,12,15,04,05,24,29,33,35,40
1133,2016,12,19,03,18,19,20,37,38,09
1134,2016,12,22,05,06,12,14,30,38,29
1135,2016,12,26,20,22,28,29,32,41,14
1136,2016,12,29,03,04,07,08,22,33,18
1137,2017,1,5,01,18,21,31,37,41,20
1138,2017,1,9,08,15,21,24,35,38,22
1139,2017,1,12,04,06,14,17,23,33,26
1140,2017,1,16,11,21,30,31,36,37,23
1141,2017,1,19,01,04,10,14,24,26,29
1142,2017,1,23,12,13,19,23,28,35,31
1143,2017,1,26,19,21,31,39,42,43,29
1144,2017,1,30,07,13,14,33,39,43,29
1145,2017,2,2,01,04,15,18,25,28,36
1146,2017,2,6,01,10,19,23,26,34,27
1147,2017,2,9,02,03,10,16,26,27,23
1148,2017,2,13,03,05,16,23,31,43,39
1149,2017,2,16,02,14,22,23,35,43,31
1150,2017,2,20,07,11,17,27,32,40,18
1151,2017,2,23,05,23,25,26,29,31,19
1152,2017,2,27,06,08,10,33,35,43,22
1153,2017,3,2,04,15,20,24,26,30,29
1154,2017,3,6,08,12,30,36,41,42,04
1155,2017,3,9,14,19,22,23,28,43,25
1156,2017,3,13,03,06,19,31,35,40,12
1157,2017,3,16,05,17,20,28,39,42,01
1158,2017,3,20,22,24,27,30,32,40,23
1159,2017,3,23,01,04,15,16,23,30,17
1160,2017,3,27,09,22,31,32,34,43,24
1161,2017,3,30,01,02,12,16,19,40,18
1162,2017,4,3,03,04,08,12,24,37,10
1163,2017,4,6,11,17,19,24,33,41,09
1164,2017,4,10,04,07,11,33,34,37,24
1165,2017,4,13,18,20,21,24,40,42,25
1166,2017,4,17,04,08,17,20,29,41,03
1167,2017,4,20,06,13,20,25,36,42,28
1168,2017,4,24,01,03,08,14,35,39,18
1169,2017,4,27,19,24,25,36,37,43,10
1170,2017,5,1,01,08,13,19,23,28,39
1171,2017,5,4,09,10,13,21,34,36,40
1172,2017,5,8,03,10,31,32,38,39,15
1173,2017,5,11,05,07,11,16,33,38,25
1174,2017,5,15,07,08,09,25,29,31,28
1175,2017,5,18,02,04,06,21,27,37,10
1176,2017,5,22,02,09,18,23,29,32,34
1177,2017,5,25,02,05,21,22,23,38,36
1178,2017,5,29,16,17,20,22,29,40,31
1179,2017,6,1,05,12,27,36,39,40,37
1180,2017,6,5,02,04,05,13,18,21,40
1181,2017,6,8,15,16,17,29,31,32,12
1182,2017,6,12,05,06,10,13,24,33,40
1183,2017,6,15,02,19,22,25,32,36,39
1184,2017,6,19,02,06,21,30,31,36,41
1185,2017,6,22,06,15,18,26,27,31,38
1186,2017,6,26,08,10,20,25,38,43,39
1187,2017,6,29,03,13,18,20,24,31,37
1188,2017,7,3,03,09,19,20,23,30,14
1189,2017,7,6,08,24,28,30,38,41,32
1190,2017,7,10,01,03,13,29,38,39,08
1191,2017,7,13,03,05,11,20,25,32,30
1192,2017,7,17,15,17,18,22,30,39,28
1193,2017,7,20,01,02,07,08,10,42,28
1194,2017,7,24,12,18,20,23,33,40,01
1195,2017,7,27,01,04,17,22,35,42,07
1196,2017,7,31,06,07,19,31,39,41,14
1197,2017,8,3,03,24,28,36,37,39,27
1198,2017,8,7,01,14,20,26,27,34,33
1199,2017,8,10,09,10,11,20,28,40,17
1200,2017,8,14,02,08,10,12,31,42,21
1201,2017,8,17,01,15,19,22,26,28,33
1202,2017,8,21,09,12,15,19,26,39,28
1203,2017,8,24,02,04,06,37,39,42,41
1204,2017,8,28,10,20,21,24,39,43,17
1205,2017,8,31,12,25,26,32,35,42,02
1206,2017,9,4,11,19,20,26,32,33,22
1207,2017,9,7,06,16,17,20,22,43,34
1208,2017,9,11,05,14,20,30,38,41,08
1209,2017,9,14,11,12,24,32,38,40,07
1210,2017,9,18,05,06,12,16,23,36,09
1211,2017,9,21,03,08,24,25,26,28,43
1212,2017,9,25,02,16,27,35,40,42,25
1213,2017,9,28,03,13,22,26,30,39,01
1214,2017,10,2,02,19,23,30,33,36,40
1215,2017,10,5,03,06,09,15,21,42,07
1216,2017,10,9,08,14,25,39,42,43,37
1217,2017,10,12,14,16,17,34,36,41,25
1218,2017,10,16,05,08,13,20,28,42,35
1219,2017,10,19,14,22,24,36,39,42,32
1220,2017,10,23,09,15,21,23,32,42,14
1221,2017,10,26,03,10,11,31,33,36,21
1222,2017,10,30,01,05,07,11,29,39,40
1223,2017,11,2,12,22,28,30,36,43,34
1224,2017,11,6,05,18,33,38,41,43,06
1225,2017,11,9,19,22,25,30,33,34,36
1226,2017,11,13,07,08,28,34,37,41,13
1227,2017,11,16,01,08,14,28,40,43,06
1228,2017,11,20,06,18,19,25,28,40,03
1229,2017,11,23,10,28,35,37,39,43,16
1230,2017,11,27,01,02,06,09,17,38,34
1231,2017,11,30,01,14,16,24,32,36,02
1232,2017,12,4,05,10,14,31,35,38,16
1233,2017,12,7,02,07,12,21,29,33,16
1234,2017,12,11,07,11,16,20,30,40,28
1235,2017,12,14,08,17,24,34,36,42,33
1236,2017,12,18,01,03,11,26,38,39,34
1237,2017,12,21,01,04,06,35,38,40,27
1238,2017,12,25,08,14,28,29,33,40,32
1239,2017,12,28,02,19,27,28,30,38,22
1240,2018,1,4,15,18,22,36,37,39,26
1241,2018,1,8,04,07,15,17,23,25,08
1242,2018,1,11,12,22,28,34,37,42,33
1243,2018,1,15,23,24,32,37,41,42,29
1244,2018,1,18,10,15,17,18,20,41,35
1245,2018,1,22,13,15,27,30,31,39,08
1246,2018,1,25,04,10,11,23,36,37,34
1247,2018,1,29,04,07,17,18,26,36,35
1248,2018,2,1,02,06,14,28,34,37,03
1249,2018,2,5,05,08,15,20,25,27,06
1250,2018,2,8,03,10,18,22,23,40,27
1251,2018,2,12,21,28,31,33,34,40,23
1252,2018,2,15,04,15,18,19,22,29,37
1253,2018,2,19,01,12,14,24,33,37,15
1254,2018,2,22,07,08,11,15,36,39,37
1255,2018,2,26,02,14,15,27,40,43,41
1256,2018,3,1,02,05,16,32,35,41,25
1257,2018,3,5,01,11,19,23,32,37,14
1258,2018,3,8,08,14,20,25,31,41,35
1259,2018,3,12,10,16,20,26,33,36,41
1260,2018,3,15,03,08,16,19,25,26,32
1261,2018,3,19,09,20,26,29,30,34,42
1262,2018,3,22,04,11,15,20,24,43,10
1263,2018,3,26,03,08,13,14,31,37,06
1264,2018,3,29,01,06,27,33,35,43,15
1265,2018,4,2,05,20,26,27,28,33,12
1266,2018,4,5,03,12,16,23,25,28,17
1267,2018,4,9,04,18,31,33,34,41,09
1268,2018,4,12,08,11,15,22,35,36,30
1269,2018,4,16,09,10,11,33,39,42,25
1270,2018,4,19,09,10,24,30,35,40,38
1271,2018,4,23,01,11,14,27,39,42,32
1272,2018,4,26,04,09,13,32,37,38,42
1273,2018,4,30,18,20,22,26,34,37,04
1274,2018,5,3,03,15,18,23,31,37,34
1275,2018,5,7,07,19,21,28,40,41,03
1276,2018,5,10,05,06,09,11,16,35,22
1277,2018,5,14,12,16,20,22,31,43,33
1278,2018,5,17,03,04,18,28,34,36,06
1279,2018,5,21,04,10,16,17,20,24,31
1280,2018,5,24,01,09,11,21,29,36,07
1281,2018,5,28,03,07,09,15,29,40,17
1282,2018,5,31,01,04,10,11,24,28,29
1283,2018,6,4,01,26,27,30,37,38,04
1284,2018,6,7,04,14,17,21,24,39,07
1285,2018,6,11,07,08,13,36,38,42,06
1286,2018,6,14,11,32,37,39,41,42,43
1287,2018,6,18,09,21,23,34,37,38,40
1288,2018,6,21,08,09,19,24,35,43,11
1289,2018,6,25,06,09,16,24,29,37,03
1290,2018,6,28,18,24,27,32,35,41,10
1291,2018,7,2,02,06,08,12,13,17,01
1292,2018,7,5,01,18,29,30,31,37,35
1293,2018,7,9,02,05,15,27,30,35,11
1294,2018,7,12,07,14,18,26,28,39,02
1295,2018,7,16,14,23,31,37,39,43,32
1296,2018,7,19,05,11,15,16,23,32,04
1297,2018,7,23,01,02,07,29,34,42,41
1298,2018,7,26,04,06,15,22,30,42,07
1299,2018,7,30,03,12,24,28,38,39,10
1300,2018,8,2,03,18,25,26,32,33,27
1301,2018,8,6,06,07,09,16,30,41,22
1302,2018,8,9,04,07,25,30,34,43,38
1303,2018,8,13,07,10,24,33,35,42,43
1304,2018,8,16,06,25,30,38,40,42,17
1305,2018,8,20,04,06,19,36,38,40,28
1306,2018,8,23,07,11,23,36,38,41,37
1307,2018,8,27,06,25,27,28,30,43,14
1308,2018,8,30,06,09,10,15,34,39,03
1309,2018,9,3,24,32,34,36,41,43,23
1310,2018,9,6,09,24,25,27,34,36,14
1311,2018,9,10,12,23,26,29,36,37,15
1312,2018,9,13,13,24,25,26,32,39,06
1313,2018,9,17,05,12,21,31,36,43,27
1314,2018,9,20,03,10,20,21,27,33,39
1315,2018,9,24,03,08,23,30,32,40,31
1316,2018,9,27,06,16,26,35,36,39,14
1317,2018,10,1,06,10,13,19,32,43,22
1318,2018,10,4,02,03,07,14,19,41,34
1319,2018,10,8,09,10,19,21,28,30,43
1320,2018,10,11,04,06,12,16,17,34,28
1321,2018,10,15,10,24,31,40,41,43,33
1322,2018,10,18,02,03,13,28,32,37,07
1323,2018,10,22,05,06,10,24,29,40,26
1324,2018,10,25,01,07,08,17,25,42,11
1325,2018,10,29,08,18,23,26,33,38,34
1326,2018,11,1,02,03,09,12,30,41,21
1327,2018,11,5,02,03,13,22,23,30,27
1328,2018,11,8,07,09,23,32,37,40,41
1329,2018,11,12,11,15,18,22,37,42,31
1330,2018,11,15,02,19,24,32,36,43,30
1331,2018,11,19,02,14,30,31,38,39,26
1332,2018,11,22,05,15,18,22,33,40,06
1333,2018,11,26,02,09,15,22,26,35,05
1334,2018,11,29,01,02,07,14,29,43,40
1335,2018,12,3,10,16,19,34,35,39,04
1336,2018,12,6,04,05,11,19,31,34,43
1337,2018,12,10,03,06,21,28,29,34,15
1338,2018,12,13,02,06,23,25,30,31,35
1339,2018,12,17,01,10,15,33,34,42,39
1340,2018,12,20,06,15,18,20,26,29,09
1341,2018,12,24,09,12,15,16,26,39,34
1342,2018,12,27,01,04,09,16,23,31,42
1343,2019,1,7,02,08,10,12,19,23,16
1344,2019,1,10,08,16,20,28,37,43,29
1345,2019,1,14,01,15,26,27,29,33,18
1346,2019,1,17,05,10,22,27,38,42,36
1347,2019,1,21,08,10,11,18,36,43,07
1348,2019,1,24,01,02,14,19,21,33,43
1349,2019,1,28,02,16,19,32,34,42,33
1350,2019,1,31,07,08,09,10,20,38,16
1351,2019,2,4,08,14,18,22,28,29,05
1352,2019,2,7,05,06,09,15,19,36,22
1353,2019,2,11,02,11,12,19,21,24,36
1354,2019,2,14,04,25,27,28,32,41,26
1355,2019,2,18,05,15,27,29,34,37,12
1356,2019,2,21,04,06,10,16,24,43,12
1357,2019,2,25,02,03,08,15,19,28,21
1358,2019,2,28,09,15,23,27,29,40,28
1359,2019,3,4,06,08,14,18,25,41,09
1360,2019,3,7,04,09,10,16,17,42,23
1361,2019,3,11,03,04,12,18,28,38,32
1362,2019,3,14,08,16,19,28,36,39,01
1363,2019,3,18,02,05,23,36,37,41,43
1364,2019,3,21,05,13,14,16,25,27,03
1365,2019,3,25,04,07,14,20,31,41,32
1366,2019,3,28,14,15,17,29,31,39,10
1367,2019,4,1,03,08,11,14,22,41,34
1368,2019,4,4,06,11,17,20,34,35,10
1369,2019,4,8,12,15,25,32,41,43,07
1370,2019,4,11,08,22,24,30,40,41,02
1371,2019,4,15,04,05,06,07,24,28,30
1372,2019,4,18,03,05,10,21,33,39,08
1373,2019,4,22,01,10,13,18,20,41,11
1374,2019,4,25,01,04,05,19,23,35,36
1375,2019,4,29,02,05,21,22,31,38,28
1376,2019,5,2,02,05,22,31,32,43,27
1377,2019,5,6,01,07,13,24,40,43,20
1378,2019,5,9,01,10,15,24,35,43,09
1379,2019,5,13,01,02,19,21,24,37,32
1380,2019,5,16,01,03,24,26,29,33,42
1381,2019,5,20,02,04,05,16,19,38,25
1382,2019,5,23,08,09,12,25,26,28,32
1383,2019,5,27,02,04,09,15,18,39,24
1384,2019,5,30,03,06,13,32,38,43,40
1385,2019,6,3,09,20,28,35,41,43,23
1386,2019,6,6,04,11,14,15,20,38,35
1387,2019,6,10,11,27,29,30,37,38,33
1388,2019,6,13,09,10,12,15,29,37,11
1389,2019,6,17,06,16,21,23,26,42,43
1390,2019,6,20,10,11,13,28,34,39,35
1391,2019,6,24,03,12,23,31,36,42,43
1392,2019,6,27,06,09,12,19,40,42,07
1393,2019,7,1,07,11,26,32,42,43,24
1394,2019,7,4,08,09,35,36,42,43,22
1395,2019,7,8,05,16,18,27,30,43,25
1396,2019,7,11,03,07,11,15,23,41,21
1397,2019,7,15,09,18,19,21,25,26,07
1398,2019,7,18,23,29,34,35,40,43,42
1399,2019,7,22,07,20,21,33,41,43,08
1400,2019,7,25,08,10,26,31,34,39,36
1401,2019,7,29,02,13,23,24,25,33,36
1402,2019,8,1,10,24,26,33,36,42,28
1403,2019,8,5,01,03,10,27,34,41,22
1404,2019,8,8,02,17,29,37,38,39,05
1405,2019,8,12,03,04,06,19,23,24,42
1406,2019,8,15,20,24,27,29,34,35,43
1407,2019,8,19,10,13,19,28,33,39,15
1408,2019,8,22,02,17,24,26,34,43,32
1409,2019,8,26,05,06,08,20,22,25,13
1410,2019,8,29,08,14,17,25,36,41,23
1411,2019,9,2,02,05,07,20,25,28,03
1412,2019,9,5,02,19,24,25,32,42,08
1413,2019,9,9,07,13,17,21,24,26,12
1414,2019,9,12,12,19,21,26,40,41,20
1415,2019,9,16,01,03,07,34,39,40,33
1416,2019,9,19,02,09,10,15,24,36,13
1417,2019,9,23,03,10,25,26,27,31,05
1418,2019,9,26,04,21,32,35,42,43,15
1419,2019,9,30,05,10,11,12,21,37,41
1420,2019,10,3,01,02,14,16,22,28,04
1421,2019,10,7,02,14,20,23,37,43,30
1422,2019,10,10,12,14,17,20,24,30,39
1423,2019,10,14,11,24,29,36,37,42,13
1424,2019,10,17,06,07,25,26,33,36,19
1425,2019,10,21,01,24,28,33,35,42,27
1426,2019,10,24,04,13,17,19,30,43,24
1427,2019,10,28,01,07,25,26,38,41,31
1428,2019,10,31,16,18,19,34,35,36,06
1429,2019,11,4,04,08,13,18,21,23,22
1430,2019,11,7,04,07,09,12,20,28,03
1431,2019,11,11,02,27,28,33,38,40,30
1432,2019,11,14,04,05,15,32,33,43,13
1433,2019,11,18,03,05,12,16,38,42,06
1434,2019,11,21,02,20,30,38,39,40,04
1435,2019,11,25,02,04,16,21,22,40,09
1436,2019,11,28,03,07,17,18,30,36,33
1437,2019,12,2,03,11,24,25,37,40,14
1438,2019,12,5,02,05,06,20,33,38,22
1439,2019,12,9,11,17,23,28,34,41,04
1440,2019,12,12,01,07,20,31,41,42,28
1441,2019,12,16,12,22,24,33,35,42,36
1442,2019,12,19,12,21,35,36,40,43,39
1443,2019,12,23,02,04,08,10,22,33,28
1444,2019,12,26,11,20,24,25,30,37,14
1445,2019,12,30,03,14,24,29,30,42,21
1446,2020,1,9,02,05,11,20,21,32,13
1447,2020,1,13,02,09,12,13,14,22,10
1448,2020,1,16,10,12,25,29,32,41,40
1449,2020,1,20,06,19,20,26,34,38,04
1450,2020,1,23,24,25,26,27,34,36,03
1451,2020,1,27,02,06,10,20,24,43,34
1452,2020,1,30,17,19,29,31,37,39,35
1453,2020,2,3,10,22,26,27,28,41,39
1454,2020,2,6,03,15,19,34,37,40,41
1455,2020,2,10,01,10,12,22,34,43,23
1456,2020,2,13,02,18,19,24,29,31,33
1457,2020,2,17,01,03,11,17,20,37,29
1458,2020,2,20,04,16,19,22,26,29,06
1459,2020,2,24,02,17,19,24,28,29,07
1460,2020,2,27,03,06,10,15,29,30,04
1461,2020,3,2,05,07,08,18,22,26,24
1462,2020,3,5,04,18,19,28,33,36,09
1463,2020,3,9,18,29,32,34,35,39,36
1464,2020,3,12,08,13,14,18,29,31,23
1465,2020,3,16,11,15,16,24,28,38,03
1466,2020,3,19,06,10,15,18,32,40,35
1467,2020,3,23,03,14,16,25,26,38,07
1468,2020,3,26,04,08,15,24,25,31,26
1469,2020,3,30,04,09,10,13,24,27,22
1470,2020,4,2,04,08,14,16,39,40,23
1471,2020,4,6,01,03,08,32,37,43,24
1472,2020,4,9,01,06,07,09,23,40,43
1473,2020,4,13,01,05,06,27,33,38,11
1474,2020,4,16,04,06,08,22,27,32,26
1475,2020,4,20,06,07,09,20,21,27,02
1476,2020,4,23,06,22,38,40,41,42,35
1477,2020,4,27,04,13,14,25,27,32,01
1478,2020,4,30,07,12,15,21,40,42,32
